{
  "A1_GNIS_Name": [
    "Penobscot",
    "Kennebec",
    "Androscoggin",
    "Upper Hudson",
    "Merrimack",
    "Saco",
    "Maine Coastal",
    "Connecticut",
    "Upper Chesapeake",
    "Ogeechee-Savannah",
    "Edisto-Santee",
    "Connecticut Coastal",
    "Susquehanna",
    "Potomac",
    "Chowan-Roanoke",
    "Neuse-Pamlico",
    "Altamaha-St. Marys",
    "Lower Chesapeake",
    "Delaware-Mid Atlantic Coastal",
    "Pee Dee",
    "St. Johns",
    "Massachusetts-Rhode Island Coastal",
    "Lower Hudson-Long Island",
    "Cape Fear"
  ],
  "A2_Feat_Name": [
    "0102",
    "0103",
    "0104",
    "0202",
    "0107",
    "0106",
    "0105",
    "0108",
    "0206",
    "0306",
    "0305",
    "0110",
    "0205",
    "0207",
    "0301",
    "0302",
    "0307",
    "0208",
    "0204",
    "0304",
    "0308",
    "0109",
    "0203",
    "0303"
  ],
  "A3_Change_Pixels": [
    112.76321647058825,
    66.20888470588235,
    20.015477647058823,
    80.43110470588235,
    49.71813176470589,
    31.082089411764713,
    85.67552117647058,
    69.7322682352941,
    15.120412941176472,
    914.5966482352941,
    1309.3769929411762,
    27.43927764705882,
    51.14564823529412,
    48.307549411764704,
    936.0538376470586,
    1372.1956482352944,
    1476.8780611764707,
    476.6700211764707,
    105.55693058823529,
    1935.4967364705883,
    861.1534129411765,
    44.240982352941174,
    35.11097647058824,
    822.7764988235293
  ],
  "A4_Total_Pixels": [
    3394.0773,
    1609.4547,
    618.8967,
    2550.0897,
    1102.2507,
    1345.5378,
    2313.0972,
    1722.222,
    1280.6046,
    5892.5376,
    7934.280299999999,
    1203.9885,
    1179.882,
    809.4735,
    6833.8926,
    6119.8011,
    9303.9543,
    4936.995,
    4935.1032,
    10370.0187,
    6128.7182999999995,
    1733.5818,
    1179.7956,
    4196.2815
  ],
  "A5_Change_Percent": [
    3.322352630878155,
    4.113746395340133,
    3.234057904503098,
    3.154050020510351,
    4.510601060603172,
    2.3100123542991295,
    3.703930867084642,
    4.048970936110101,
    1.1807245531662522,
    15.521269617953632,
    16.502782148258312,
    2.279031539508793,
    4.334810450137735,
    5.967774042234207,
    13.697227809039003,
    22.42222624253743,
    15.873659882190852,
    9.655063883525722,
    2.1389001670367356,
    18.664351458407573,
    14.051117554891967,
    2.5519985473394553,
    2.9760219880959244,
    19.607276080585383
  ]
}