{
  "A1_GNIS_Name": [
    "Pearl",
    "Lower Red-Ouachita",
    "Boeuf-Tensas",
    "Lower Mississippi-Lake Maurepas",
    "Lower Mississippi-Big Black",
    "Rio Grande-Falcon",
    "Lower Rio Grande",
    "Neches",
    "Trinity",
    "Lower Brazos",
    "Sabine",
    "Red-Sulphur",
    "Louisiana Coastal",
    "Galveston Bay-San Jacinto",
    "Central Texas Coastal",
    "Nueces-Southwestern Texas Coastal",
    "Lower Mississippi",
    "Lower Colorado-San Bernard Coastal",
    "Alabama",
    "Mobile-Tombigbee",
    "Apalachicola",
    "Suwannee",
    "Peace-Tampa Bay",
    "Ochlockonee",
    "Pascagoula",
    "Southern Florida",
    "Choctawhatchee-Escambia"
  ],
  "A2_Feat_Name": [
    "0318",
    "0804",
    "0805",
    "0807",
    "0806",
    "1308",
    "1309",
    "1202",
    "1203",
    "1207",
    "1201",
    "1114",
    "0808",
    "1204",
    "1210",
    "1211",
    "0809",
    "1209",
    "0315",
    "0316",
    "0313",
    "0311",
    "0310",
    "0312",
    "0317",
    "0309",
    "0314"
  ],
  "A3_Change_Pixels": [
    253.17978705882354,
    46.26250941176468,
    0,
    430.0816235294117,
    69.13383176470589,
    6.3792,
    5.200178823529412,
    364.97367176470584,
    142.6956882352941,
    61.25245411764705,
    347.91214588235295,
    0.12344117647058823,
    468.865154117647,
    274.0780094117647,
    43.452536470588235,
    44.012710588235294,
    127.06828235294118,
    38.396392941176465,
    251.19044117647053,
    339.1491599999999,
    676.9025047058823,
    1388.5092988235297,
    574.3071388235296,
    191.75961529411774,
    750.6356258823528,
    853.9621305882353,
    784.7289882352941
  ],
  "A4_Total_Pixels": [
    2311.1892,
    728.3376,
    0,
    4775.276699999999,
    693.9963,
    46.0557,
    41.033699999999996,
    3727.9638,
    1829.5569,
    1250.2368,
    2620.5443999999998,
    0.9711,
    7896.2184,
    1698.336,
    950.6259,
    364.6863,
    3105.9557999999997,
    783.7047,
    1848.6980999999998,
    2900.3777999999998,
    7092.5481,
    10010.245499999999,
    5307.9228,
    2600.604,
    5856.0417,
    7005.0536999999995,
    8005.2867
  ],
  "A5_Change_Percent": [
    10.954524495823344,
    6.351794746250185,
    0,
    9.00642309438135,
    9.961700338273545,
    13.85105426689856,
    12.672946440436547,
    9.790161368109471,
    7.799467086008318,
    4.899268212041675,
    13.276330898356578,
    12.711479401769976,
    5.937844299210962,
    16.13803213332136,
    4.570939679908599,
    12.06864929892768,
    4.091116890747163,
    4.899344477732042,
    13.587423559123609,
    11.69327526917355,
    9.54385497513767,
    13.870881576516075,
    10.81980956511895,
    7.373656861795095,
    12.818140039582588,
    12.190657875873748,
    9.802634404527874
  ]
}