{
  "b1": {
    "-1.0": 21992,
    "-10.0": 70,
    "-11.0": 8,
    "-2.0": 9268,
    "-3.0": 52618,
    "-4.0": 11356,
    "-5.0": 13137,
    "-6.0": 4443,
    "-7.0": 36721,
    "-8.0": 256,
    "-9.0": 1640,
    "0.0": 174919968.54901963,
    "1.0": 3715968.6078431373,
    "10.0": 12,
    "2.0": 2525105.0470588235,
    "3.0": 5,
    "4.0": 49,
    "5.0": 367,
    "6.0": 4820,
    "7.0": 3323,
    "8.0": 149372,
    "9.0": 3955
  }
}