{
  "b1": {
    "-1.0": 11652671.298039217,
    "-10.0": 37,
    "-2.0": 5216532.654901961,
    "-3.0": 1086,
    "-4.0": 248,
    "-5.0": 4829,
    "-6.0": 13679,
    "-7.0": 176975,
    "-8.0": 483998.81176470587,
    "-9.0": 21713,
    "0.0": 174919968.54901963,
    "1.0": 986137.7333333334,
    "10.0": 357483.3333333333,
    "11.0": 113722,
    "2.0": 57150,
    "3.0": 812205,
    "4.0": 66167.88235294117,
    "5.0": 360832.41960784316,
    "6.0": 309949.831372549,
    "7.0": 267713,
    "8.0": 381595,
    "9.0": 587428.8117647059
  }
}